SRA sample ID,SRA number,Sequencing Platform,Age (years),Accuracy of birth date,Ordinal rank,Sex,Body Mass Index (kg/m2),Age-adjusted BMI,Cumulative Early Adversity Score,Dyadic Social Connectedness (F to F),Depth (millions of reads sequenced),Bisulfite conversion rate,Predicted epigenetic age (years) from n=277 model,Predicted epigenetic age (years) from n=286 model
AMB_70,PRJNA648767,HiSeq 4000,7.7426,Within < 1 week,2,F,NA,NA,2,1.874458852,11.882327,0.998103468,7.012616562,7.146899239
AMB_71,PRJNA648767,HiSeq 4000,6.3354,Within < 1 week,11,M,36.69750707,-3.488166834,1,NA,13.410601,0.998281496,5.723666444,5.706119804
AMB_72,PRJNA648767,HiSeq 4000,4.2409,Within < 1 week,3,F,32.27396697,1.279621067,1,1.28711874,14.944233,0.996623985,5.815561165,6.099215829
AMB_51,SRP058411,HiSeq 2000,4.9144,Within < 1 week,28,F,34.06877334,0.765230446,2,0.470391854,13.962081,0.998863722,4.74970121,4.353507154
AMB_73,PRJNA648767,HiSeq 4000,6.5188,Within < 1 week,14,M,38.3892984,-2.642432006,3,NA,17.182416,0.998652632,4.961913413,4.748365671
AMB_74,PRJNA648767,HiSeq 4000,4.8433,Within < 1 week,6,F,29.81341266,-3.24606877,2,NA,13.78848,0.999250947,6.058894596,6.348273713
AMB_75,PRJNA648767,HiSeq 4000,7.9562,Within < 1 week,8,F,34.59244675,-0.889072764,0,1.241129758,9.366051,0.998117738,8.949824341,8.4899833
AMB_76,PRJNA648767,HiSeq 4000,5.4237,Within < 1 week,9,F,NA,NA,1,0.280278632,17.264718,0.997909653,6.926689252,6.785062384
AMB_77,PRJNA648767,HiSeq 4000,7.7563,Within < 1 week,18,M,46.18681604,-0.552638852,0,NA,16.814583,0.9980072,7.557767178,6.944396334
AMB_78,PRJNA648767,HiSeq 4000,7.4031,Within < 1 week,15,M,49.29189848,4.181418058,0,NA,17.815064,0.997938595,7.758189348,7.599426839
AMB_54,SRP058411,HiSeq 2000,4.1342,Within < 1 week,NA,F,28.83613103,-1.792122662,2,NA,16.548738,0.996363991,5.63451115,5.841316205
AMB_79,PRJNA648767,HiSeq 4000,9.2539,Within < 1 week,1,M,49.70523701,2.776551256,1,NA,12.420532,0.997951736,10.81370947,10.61311251
AMB_80,PRJNA648767,HiSeq 4000,13.2676,Within < 1 week,5,F,40.5643739,4.685481891,2,NA,18.280459,0.997851106,8.815923981,9.321680139
AMB_81,PRJNA648767,HiSeq 4000,10.5517,Within < 1 week,1,F,42.4407686,6.765069128,1,0.413556632,13.61989,0.998542829,6.477366872,6.714331938
AMB_82,PRJNA648767,HiSeq 4000,8.1506,Within < 1 week,11,M,41.83835538,-5.219771226,0,NA,40.692208,0.995103517,6.231153267,6.724267071
AMB_83,PRJNA648767,HiSeq 4000,9.8398,Within < 1 week,2,M,NA,NA,1,NA,13.925897,0.999212698,8.771697869,8.793040352
AMB_55,SRP058411,HiSeq 2000,7.4251,Within < 1 week,2,M,49.09012395,3.87862185,2,NA,17.726679,0.982762329,8.403404583,7.553491146
AMB_03,SRP058411,HiSeq 2000,7.6632,Within < 1 week,6,M,38.70592971,-7.604183069,1,NA,31.718745,0.981712286,8.750261777,9.26642662
AMB_84,PRJNA648767,HiSeq 4000,5.7796,Within < 1 week,5,F,NA,NA,1,0.814237533,12.916122,0.997916439,8.471448912,8.630359904
AMB_85,PRJNA648767,HiSeq 4000,6.0397,Within < 1 week,16,M,36.9,-1.92188133,2,NA,15.955667,0.996808547,5.486856608,5.632297625
AMB_86,PRJNA648767,HiSeq 4000,6.3436,Within < 1 week,16,F,NA,NA,2,0.913289995,9.99628,0.999226055,7.140801968,6.943688233
AMB_87,PRJNA648767,HiSeq 4000,5.7276,Within < 1 week,33,F,40.24733189,4.932544962,3,-0.429576886,21.259993,0.999244627,8.043657843,7.872129257
AMB_88,PRJNA648767,HiSeq 4000,8.7064,Within < 1 week,6,M,43.47725592,-3.515668469,2,NA,47.93539,0.994930414,7.686426837,8.452644343
AMB_89,PRJNA648767,HiSeq 4000,5.2895,Within < 1 week,NA,F,31.83417349,-2.755385618,1,NA,12.514789,0.998139027,6.785381542,7.077162697
AMB_90,PRJNA648767,HiSeq 4000,11.948,Within < 1 week,NA,F,NA,NA,1,NA,10.09167,0.998004436,8.360165641,9.116222392
AMB_56,SRP058411,HiSeq 2000,9.1855,Within < 1 week,1,M,49.25268021,2.315964634,1,NA,15.549354,0.983101138,8.962718866,9.677218541
AMB_91,PRJNA648767,HiSeq 4000,10.4285,Within < 1 week,1,F,NA,NA,1,0.659881911,13.625486,0.998106386,9.212669338,9.17607538
AMB_57,SRP058411,HiSeq 2000,5.9439,Within < 1 week,3,F,35.59093078,0.259962188,0,1.65506375,10.093046,0.999521476,6.48777469,6.945305013
AMB_92,PRJNA648767,HiSeq 4000,9.2895,Within < 1 week,13,F,36.24860771,0.667335408,0,0.315052882,22.295446,0.998656785,8.811416986,9.001071847
AMB_93,PRJNA648767,HiSeq 4000,6.7461,Within < 1 week,6,F,33.14114973,-2.249834397,0,1.098168182,18.183999,0.998606555,9.323580766,9.016789564
AMB_94,PRJNA648767,HiSeq 4000,6.5818,Within < 1 week,16,F,38.62897317,3.250278914,3,0.996523987,19.670124,0.999208576,7.98616935,7.783875543
AMB_06,SRP058411,HiSeq 2000,6.3847,Within < 1 week,NA,M,40.82742586,0.414453194,1,NA,28.639254,0.982312672,5.809546582,5.477069593
AMB_95,PRJNA648767,HiSeq 4000,7.4908,Within < 1 week,6,M,45.13066947,-0.383897638,0,NA,14.252777,0.998047405,9.480795776,9.170525246
AMB_96,PRJNA648767,HiSeq 4000,15.154,Within < 1 week,NA,F,36.35904558,0.339024884,0,NA,14.967622,0.998103904,10.61044117,10.60138293
AMB_97,PRJNA648767,HiSeq 4000,5.8727,Within < 1 week,14,F,36.5405881,1.21494512,0,0.560902495,21.309026,0.995112302,7.095788077,6.810626994
AMB_98,PRJNA648767,HiSeq 4000,5.7632,Within < 1 week,8,M,37.81034877,0.263866054,0,NA,11.29407,0.999276211,6.536109361,6.702059512
AMB_99,PRJNA648767,HiSeq 4000,6.0151,Within < 1 week,5,F,31.9595729,-3.376721306,NA,1.651019391,14.440414,0.998107863,7.509364113,7.617653268
AMB_100,PRJNA648767,HiSeq 4000,4.5394,Within < 1 week,9,F,NA,NA,0,1.199432253,15.954451,0.997945891,6.157471628,6.135505608
AMB_101,PRJNA648767,HiSeq 4000,7.0007,Within < 1 week,11,F,32.54562587,-2.864407564,0,0.458474348,14.332391,0.998229176,5.774980225,5.167942039
AMB_102,PRJNA648767,HiSeq 4000,6.8446,Within < 1 week,16,M,42.30355255,-0.230875235,3,NA,8.779928,0.99807492,7.840174679,7.574505873
AMB_102_B,PRJNA648767,HiSeq 4000,11.5702,Within < 1 week,10,M,48.00634795,1.349391628,3,NA,20.595455,0.998420055,14.74607151,14.74847878
AMB_103,PRJNA648767,HiSeq 4000,5.3279,Within < 1 week,NA,F,NA,NA,3,NA,9.85886,0.997990201,8.193481447,7.796470125
AMB_08,SRP058411,HiSeq 2000,7.9179,Within < 1 week,NA,M,48.8369464,1.751518376,2,NA,43.333503,0.998262212,7.792801856,8.362640483
AMB_104,PRJNA648767,HiSeq 4000,8.9774,Within < 1 week,3,M,44.63400119,-2.327125071,3,NA,13.618903,0.997833629,8.027486346,7.936929378
AMB_105,PRJNA648767,HiSeq 4000,5.8261,Within 3 months,NA,F,NA,NA,NA,NA,5.575217,0.998298163,8.266130507,8.273529668
AMB_106,PRJNA648767,HiSeq 4000,7.1896,Within < 1 week,17,M,41.79693212,-2.328586994,1,NA,11.349676,0.996712007,8.244091644,8.458589043
AMB_107,PRJNA648767,HiSeq 4000,6.5927,Within < 1 week,18,M,42.73028649,1.357607941,2,NA,18.996666,0.998154702,6.395298399,6.84898595
AMB_108,PRJNA648767,HiSeq 4000,7.6851,Within < 1 week,17,M,NA,NA,1,NA,15.923216,0.996868279,7.791012592,8.08085314
AMB_109,PRJNA648767,HiSeq 4000,4.6817,Within < 1 week,34,F,34.74897704,2.243327417,2,NA,15.140912,0.999171062,5.782924948,6.162721441
AMB_110,PRJNA648767,HiSeq 4000,5.1608,Within < 1 week,NA,M,32.46391896,-2.304467775,1,NA,7.763678,0.998019478,7.096202032,7.313059848
AMB_111,PRJNA648767,HiSeq 4000,6.3025,Within < 1 week,NA,F,34.92414041,-0.43366107,2,NA,12.068817,0.997966208,7.366184125,7.051642949
AMB_112,PRJNA648767,HiSeq 4000,6.59,Within < 1 week,14,M,39.03482774,-2.325223103,0,NA,13.885997,0.997936951,6.648421762,6.761102364
AMB_113,PRJNA648767,HiSeq 4000,9.4374,Within < 1 week,2,M,46.90254982,-0.004615987,3,NA,9.928849,0.998126979,10.12949528,9.770439855
AMB_114,PRJNA648767,HiSeq 4000,14.4668,Within < 1 week,18,M,38.4683578,-7.848776136,0,NA,20.718606,0.998212654,12.64885897,13.45038172
AMB_115,PRJNA648767,HiSeq 4000,7.1075,Within < 1 week,25,F,35.87372449,0.455702642,1,0.843938612,7.499271,0.998366741,8.668651623,8.208560378
AMB_115_B,PRJNA648767,HiSeq 4000,11.3676,Within < 1 week,25,F,NA,NA,1,0.373380369,25.933027,0.996919681,10.04973249,10.03575508
AMB_116,PRJNA648767,HiSeq 4000,8.4134,Within < 1 week,NA,F,NA,NA,2,NA,18.191301,0.998043221,6.942613766,6.959231172
AMB_117,PRJNA648767,HiSeq 4000,6.9076,Within < 1 week,NA,F,33.29366517,-2.109403996,1,NA,6.550989,0.998241092,6.838413969,7.164380251
AMB_118,PRJNA648767,HiSeq 4000,5.0075,Within < 1 week,11,F,32.63359795,-0.989102251,3,-0.828905579,12.479873,0.999350378,6.145052074,6.236555547
AMB_119,PRJNA648767,HiSeq 4000,5.7933,Within < 1 week,10,F,NA,NA,3,1.342515794,28.777145,0.995132479,10.30113276,10.20919243
AMB_120,PRJNA648767,HiSeq 4000,13.8617,Within < 1 week,9,M,51.6019275,5.213809873,NA,NA,20.289219,0.997919115,8.773407581,8.774771256
AMB_121,PRJNA648767,HiSeq 4000,6.1629,Within < 1 week,16,F,NA,NA,0,1.27661999,19.749756,0.997851626,7.239884825,7.077887299
AMB_122,PRJNA648767,HiSeq 4000,9.1663,Within < 1 week,17,F,36.23184116,0.659786261,0,0.556476649,14.845463,0.998119327,7.692213413,7.787759385
AMB_122_B,PRJNA648767,HiSeq 4000,18.0479,Within < 1 week,21,F,37.511866,1.275338748,0,0.905150567,7.569196,0.999326224,10.64195302,11.67638992
AMB_58,SRP058411,HiSeq 2000,7.7235,Within < 1 week,21,F,35.78457685,0.320467984,1,1.372502616,34.11771,0.996598125,8.569183702,8.703653979
AMB_123,PRJNA648767,HiSeq 4000,4.1232,Within < 1 week,NA,F,31.24147318,0.650767402,1,NA,16.997678,0.998038069,4.319247418,4.766070862
AMB_124,PRJNA648767,HiSeq 4000,10.8446,Within < 1 week,23,F,33.11082522,-2.586791193,1,1.239040005,13.748067,0.998139924,9.147672123,9.596118099
AMB_125,PRJNA648767,HiSeq 4000,7.7919,Within < 1 week,21,F,35.64060135,0.171371711,2,0.534693615,10.189628,0.99808751,8.906876458,8.982169641
AMB_10,SRP058411,HiSeq 2000,6.2423,Within < 1 week,NA,M,39.18479241,-0.57153939,3,NA,43.556351,0.980938833,6.291566371,6.56675435
AMB_13,SRP058411,HiSeq 2000,6.0096,Within < 1 week,NA,M,34.71146822,-3.971508306,2,NA,30.21293,0.981160329,7.226600726,7.829728553
AMB_59,SRP058411,HiSeq 2000,5.4401,Within < 1 week,NA,M,37.01582674,0.959413685,3,NA,11.885479,0.998832489,7.137492897,7.263834794
AMB_126,PRJNA648767,HiSeq 4000,12.4627,Within < 1 week,NA,F,NA,NA,0,NA,14.111842,0.997833101,10.71738799,11.31645178
AMB_126_B,PRJNA648767,HiSeq 4000,26.3436,Within < 1 week,15,F,30.401192,-6.455973727,0,1.469538178,13.393662,0.998350407,13.1063668,13.29289962
AMB_127,PRJNA648767,HiSeq 4000,10.4613,Within < 1 week,10,F,40.26381105,4.594871001,0,0.674063178,30.741318,0.998056047,11.72736004,11.13959924
AMB_127_B,PRJNA648767,HiSeq 4000,22.3819,Within < 1 week,25,F,35.9280818,-0.632693208,0,1.842318723,13.33898,0.998262626,13.40619873,13.82261246
AMB_18,SRP058411,HiSeq 2000,15.781,Within < 1 week,NA,M,48.74975819,2.58679698,2,NA,47.636419,0.998438402,16.90159873,17.5704619
AMB_128,PRJNA648767,HiSeq 4000,3.1567,Within < 1 week,NA,F,28.56576076,1.288658807,2,NA,19.97101,0.997835189,2.85166778,3.254697777
AMB_60,SRP058411,HiSeq 2000,6.2587,Within < 1 week,20,M,40.07437765,0.242279595,1,NA,38.929126,0.998470746,4.984846995,5.320099518
AMB_19,SRP058411,HiSeq 2000,3.039,Within < 1 week,20,M,26.68686834,1.704956098,0,NA,40.749874,0.998461703,3.524658955,3.123483574
AMB_129,PRJNA648767,HiSeq 4000,5.2841,Within < 1 week,21,F,NA,NA,2,NA,14.488025,0.997898202,5.812475963,6.157821471
AMB_130,PRJNA648767,HiSeq 4000,5.3251,Within < 1 week,22,F,32.95853855,-1.753051292,3,NA,8.008842,0.998250452,8.156692426,7.649510892
AMB_20,SRP058411,HiSeq 2000,4.501,Within < 1 week,18,M,31.00858599,-0.716522866,0,NA,38.309006,0.99842813,4.266532944,4.05260466
AMB_131,PRJNA648767,HiSeq 4000,11.7536,Within < 1 week,24,F,39.1687402,3.403119839,0,1.551203655,17.109571,0.99827184,12.31485452,12.00676257
AMB_132,PRJNA648767,HiSeq 4000,6.8611,Within < 1 week,NA,M,48.8997438,6.28954976,2,NA,13.929345,0.998043677,6.092724628,6.078165392
AMB_133,PRJNA648767,HiSeq 4000,7.2471,Within < 1 week,3,M,51.40540646,7.014705452,1,NA,30.096632,0.998374812,10.28710302,10.13298544
AMB_133_B,PRJNA648767,HiSeq 4000,12.564,Within < 1 week,4,M,NA,NA,1,NA,12.713689,0.996796352,12.21187091,12.13375972
AMB_133_C,PRJNA648767,HiSeq 4000,15.5893,Within < 1 week,14,M,52.99901357,6.81356884,1,NA,9.294844,0.998018712,14.30640394,14.14007853
AMB_134,PRJNA648767,HiSeq 2000,3.833,Within < 1 week,12,M,29.031954,0.388006143,2,NA,21.464978,0.998457344,7.751672833,7.752245177
AMB_135,PRJNA648767,HiSeq 4000,6.9295,Within < 1 week,10,M,40.70840078,-2.21748598,1,NA,18.025936,0.997942928,8.451822676,8.214317211
AMB_136,PRJNA648767,HiSeq 4000,5.3169,Within < 1 week,13,M,34.59804267,-0.89012348,0,NA,38.235684,0.997872356,6.555862043,6.743332742
AMB_137,PRJNA648767,HiSeq 4000,7.4333,Within < 1 week,8,F,34.45372772,-0.988669033,0,1.218369578,14.220787,0.999365455,7.264633864,7.329852008
AMB_21,SRP058411,HiSeq 2000,6.705,Within < 1 week,8,F,32.44993491,-2.937976754,0,1.272300562,28.735263,0.999528741,6.722002859,6.265997554
AMB_138,PRJNA648767,HiSeq 4000,11.5948,Within < 1 week,NA,M,43.89597611,-2.758089467,2,NA,11.663811,0.998147229,10.69772767,10.6016013
AMB_138_B,PRJNA648767,HiSeq 4000,17.2211,Within < 1 week,6,M,NA,NA,2,NA,11.179849,0.999291874,16.40295913,16.69327017
AMB_139,PRJNA648767,HiSeq 4000,4.6461,Within < 1 week,NA,F,30.29797764,-2.08564125,1,NA,19.11322,0.997900738,6.491364225,6.310902719
AMB_140,PRJNA648767,HiSeq 4000,8.9172,Within < 1 week,NA,M,42.64564591,-4.322546603,3,NA,17.548279,0.998172154,8.49744628,8.257535487
AMB_141,PRJNA648767,HiSeq 4000,8.3723,Within < 1 week,3,M,49.8453776,2.81326765,1,NA,14.774389,0.998145952,8.920170148,8.60972008
AMB_141_B,PRJNA648767,HiSeq 4000,12.6489,Within < 1 week,NA,M,51.11304948,4.582643275,1,NA,21.720199,0.997897738,10.29463071,10.37281292
AMB_142,PRJNA648767,HiSeq 4000,10.0972,Within < 1 week,2,M,41.71571152,-5.114046734,0,NA,10.553077,0.998198957,9.385806361,9.643943482
AMB_143,PRJNA648767,HiSeq 4000,9.5633,Within < 1 week,1,M,NA,NA,2,NA,7.956065,0.99935873,10.57833685,10.24846661
AMB_22,SRP058411,HiSeq 2000,5.2238,Within < 1 week,NA,F,NA,NA,1,NA,16.889099,0.99941264,7.628130768,7.211259519
AMB_144,PRJNA648767,HiSeq 4000,15.7207,Within < 1 week,16,M,41.9865257,-4.183501752,1,NA,14.561962,0.998023266,10.57602396,10.84421018
AMB_145,PRJNA648767,HiSeq 4000,12.9637,Within < 1 week,NA,F,NA,NA,1,NA,13.781584,0.997968069,10.25458901,10.76373955
AMB_146,PRJNA648767,HiSeq 4000,6.8008,Within < 1 week,7,F,37.10784226,1.712761506,1,NA,6.313918,0.9982386,9.005036299,8.793743304
AMB_147,PRJNA648767,HiSeq 4000,7.2416,Within < 1 week,NA,F,35.91340063,0.485342056,2,NA,13.270354,0.997979533,9.126072373,9.282592203
AMB_148,PRJNA648767,HiSeq 4000,9.744,Within < 1 week,17,F,35.28236222,-0.332912053,1,1.262266222,14.438781,0.998423675,7.644386518,8.019394231
AMB_149,PRJNA648767,HiSeq 4000,7.3977,Within < 1 week,1,M,48.49798297,3.412757966,0,NA,14.734187,0.997938954,9.921497628,10.2136391
AMB_150,PRJNA648767,HiSeq 4000,4.6379,Within < 1 week,9,F,31.09156213,-1.26389582,0,-0.332017877,10.268238,0.997997017,5.434994917,5.884996529
AMB_150_B,PRJNA648767,HiSeq 4000,12.7693,Within < 1 week,17,F,37.6801999,1.838587169,0,0.543025406,10.339664,0.998292703,10.55014682,10.22721417
AMB_151,PRJNA648767,HiSeq 4000,4.5749,Within < 1 week,17,F,NA,NA,2,NA,8.703299,0.998267388,7.516856378,7.753985551
AMB_152,PRJNA648767,HiSeq 4000,12.5202,Within < 1 week,4,M,NA,NA,3,NA,22.730862,0.997928632,12.21151461,12.22097884
AMB_152_C,PRJNA648767,HiSeq 4000,16.7995,Within < 1 week,11,M,41.773228,-4.27024934,3,NA,18.430965,0.997985942,11.96741706,12.9420446
AMB_153,PRJNA648767,HiSeq 4000,8.2053,Within < 1 week,3,M,45.56716324,-1.484539502,0,NA,11.628013,0.998134868,7.440879302,7.57893299
AMB_153_B,PRJNA648767,HiSeq 4000,10.6366,Within < 1 week,4,M,46.40249081,-0.363992383,0,NA,16.853724,0.99797344,8.888635561,9.02096004
AMB_154,PRJNA648767,HiSeq 4000,6.5845,Within < 1 week,16,F,32.27930966,-3.099589431,1,0.880322197,18.585358,0.997824291,8.534207841,8.263272833
AMB_154_B,PRJNA648767,HiSeq 4000,10.6283,Within < 1 week,15,F,34.67397272,-1.007462029,1,1.471951991,16.440589,0.998343367,9.661597075,9.369905077
AMB_155,PRJNA648767,HiSeq 4000,7.2526,Within < 1 week,20,M,44.21531334,-0.200643083,1,NA,14.076269,0.997862816,6.715125118,6.7824221
AMB_155_B,PRJNA648767,HiSeq 4000,11.9507,Within < 1 week,3,M,49.32673838,2.714427914,1,NA,19.435036,0.998150104,11.16186748,11.18490287
AMB_23,SRP058411,HiSeq 2000,9.7851,Within < 1 week,12,M,45.00294179,-1.863432482,0,NA,15.463839,0.998044987,8.898378851,9.13536861
AMB_156,PRJNA648767,HiSeq 4000,5.6099,Within < 1 week,32,F,37.5910408,2.285061611,2,NA,14.098127,0.997973651,7.520270547,7.538862095
AMB_157,PRJNA648767,HiSeq 4000,9.5496,Within < 1 week,4,M,NA,NA,0,NA,31.31524,0.998176111,9.431553666,9.685629587
AMB_61,SRP058411,HiSeq 2000,2.5873,Within < 1 week,22,M,25.94832947,3.049989217,1,NA,29.249117,0.998221699,5.173530546,4.938951741
AMB_158,PRJNA648767,HiSeq 4000,19.6304,Within < 1 week,29,F,35.66898105,-0.685938626,1,0.538924389,5.137645,0.998000058,11.3334238,12.31313844
AMB_158_B,PRJNA648767,HiSeq 4000,21.8864,Within < 1 week,28,F,35.4413215,-1.082379068,1,0.8670162,10.478695,0.999375335,10.74162821,11.43911265
AMB_159,PRJNA648767,HiSeq 4000,9.3388,Within < 1 week,2,M,48.93759661,2.018867846,2,NA,22.64262,0.998175007,11.59839496,11.71683264
AMB_159_B,PRJNA648767,HiSeq 4000,13.4018,Within < 1 week,4,M,43.25839286,-3.183685217,2,NA,22.315418,0.998047989,11.94717543,12.00655132
AMB_160,PRJNA648767,HiSeq 4000,6.9487,Within < 1 week,NA,M,42.60082195,-0.41345878,3,NA,19.105701,0.998091512,5.477383929,5.642222386
AMB_161,PRJNA648767,HiSeq 4000,6.2204,Within < 1 week,15,M,35.26631317,-4.388996959,0,NA,18.315843,0.998064255,6.345954834,6.296908015
AMB_162,PRJNA648767,HiSeq 4000,5.5907,Within < 1 week,17,F,32.66418916,-2.640356212,2,1.569898552,17.662922,0.99816351,7.385948229,7.314490414
AMB_163,PRJNA648767,HiSeq 4000,6.6858,Within < 1 week,34,F,34.06475916,-1.32171869,3,0.20992366,20.345864,0.99798492,9.808559244,9.707186628
AMB_164,PRJNA648767,HiSeq 4000,6.4778,Within < 1 week,NA,M,43.31002423,2.467709453,2,NA,21.640198,0.997955658,6.583273268,6.732664862
AMB_165,PRJNA648767,HiSeq 4000,4.2163,Within < 1 week,17,F,NA,NA,2,0.540421932,9.495547,0.99834074,8.490941469,8.627649039
AMB_166,PRJNA648767,HiSeq 4000,5.5332,Within < 1 week,28,F,36.74740484,1.447160926,1,0.749629332,19.133886,0.998156801,6.664106461,6.551459482
AMB_167,PRJNA648767,HiSeq 4000,6.7132,Within < 1 week,12,M,38.12765814,-3.800639609,1,NA,15.660695,0.998012399,7.084390245,7.443601437
AMB_25,SRP058411,HiSeq 2000,5.9986,Within < 1 week,11,M,37.36135367,-1.271112023,1,NA,94.208859,0.997999699,5.189283259,4.913596042
AMB_27,SRP058411,HiSeq 2000,5.9795,Within < 1 week,12,M,40.27498867,1.730916941,1,NA,41.228298,0.998205195,5.491823758,5.663711509
AMB_170,PRJNA648767,HiSeq 4000,6.0424,Within < 1 week,8,F,NA,NA,1,1.087943475,15.629918,0.9979944,7.95021492,8.053445339
AMB_171,PRJNA648767,HiSeq 4000,5.5934,Within < 1 week,10,F,NA,NA,1,0.901235306,19.523585,0.998271316,7.529974752,7.340100153
AMB_172,PRJNA648767,HiSeq 4000,8.7885,Within < 1 week,4,M,50.312309,3.329020409,1,NA,8.452954,0.998410538,10.42962098,11.06465978
AMB_173,PRJNA648767,HiSeq 4000,3.948,Within < 1 week,19,M,31.03574182,1.861430178,0,NA,7.70553,0.997997577,4.165642425,4.334540082
AMB_174,PRJNA648767,HiSeq 4000,5.8453,Within < 1 week,10,F,NA,NA,2,0.768348535,15.274026,0.998090702,6.472384002,6.221948796
AMB_175,PRJNA648767,HiSeq 4000,8.0548,Within < 1 week,1,M,41.91122722,-5.158141141,1,NA,11.320616,0.999338075,11.13725105,11.01748108
AMB_176,PRJNA648767,HiSeq 4000,8.0164,Within < 1 week,NA,M,46.18550655,-0.88835852,1,NA,30.996607,0.99789433,8.12431606,8.027557303
AMB_177,PRJNA648767,HiSeq 4000,8.8077,Within < 1 week,2,M,41.99978404,-4.981256202,1,NA,18.409983,0.999320004,9.233039373,9.160528918
AMB_178,PRJNA648767,HiSeq 4000,11.9699,Within < 1 week,NA,M,51.78834721,5.178285098,1,NA,14.724211,0.998193879,11.09717568,11.21901722
AMB_28,SRP058411,HiSeq 2000,8.2875,Within < 1 week,3,M,45.39923509,-1.642831856,2,NA,46.18137,0.99676362,8.403953021,8.889085348
AMB_179,PRJNA648767,HiSeq 4000,2.5352,Within < 1 week,NA,F,23.74480839,-1.401449183,0,NA,11.674973,0.997914167,5.457031998,5.467627633
AMB_180,PRJNA648767,HiSeq 4000,8.4435,Within < 1 week,10,F,34.3190262,-1.198953269,0,1.325031444,14.327812,0.99793555,8.817025782,8.894732442
AMB_180_B,PRJNA648767,HiSeq 4000,11.0062,Within < 1 week,9,F,35.57724743,-0.132454022,0,0.629084138,12.254458,0.997985939,10.01538261,9.897859504
AMB_180_C,PRJNA648767,HiSeq 4000,17.4018,Within < 1 week,6,F,37.05516161,0.866974517,0,-0.576054637,11.294282,0.998179956,10.49698676,11.09761478
AMB_181,PRJNA648767,HiSeq 4000,5.3744,Within < 1 week,NA,F,NA,NA,0,NA,5.67151,0.998344549,7.700798575,7.577620704
AMB_182,PRJNA648767,HiSeq 4000,9.243,Within < 1 week,NA,M,49.37157654,2.441606017,0,NA,10.851388,0.998055228,8.730988816,9.112170548
AMB_183,PRJNA648767,HiSeq 4000,15.8193,Within < 1 week,7,F,40.35583684,4.286042176,0,1.151944335,15.150825,0.999292896,11.34106964,12.07072146
AMB_184,PRJNA648767,HiSeq 4000,5.6893,Within < 1 week,NA,F,NA,NA,1,NA,12.039738,0.997998329,7.436072807,7.215584521
AMB_185,PRJNA648767,HiSeq 4000,9.5962,Within < 1 week,10,M,52.17991808,5.291381473,1,NA,15.125105,0.99828001,8.789637621,8.988592192
AMB_185_B,PRJNA648767,HiSeq 4000,12.0137,Within < 1 week,9,M,44.61178202,-1.993141,1,NA,12.053397,0.998205639,11.93762271,12.36841361
AMB_186,PRJNA648767,HiSeq 4000,6.6749,Within < 1 week,14,M,41.46709704,-0.28441278,0,NA,13.780487,0.997935231,6.764401337,6.516982552
AMB_186_B,PRJNA648767,HiSeq 4000,10.2587,Within < 1 week,NA,M,46.692949,-0.117858854,0,NA,11.964186,0.996935431,11.29892073,10.96684542
AMB_187,PRJNA648767,HiSeq 4000,1.9274,Within < 1 week,20,F,NA,NA,0,NA,18.905632,0.997852929,3.521458515,3.758944268
AMB_188,PRJNA648767,HiSeq 4000,7.9343,Within < 1 week,15,M,46.47362394,-0.609876923,2,NA,15.336777,0.999383719,6.34931822,5.8836509
AMB_189,PRJNA648767,HiSeq 4000,7.5099,Within < 1 week,14,F,33.64848793,-1.799644097,1,1.563825768,32.029242,0.998249175,7.566941284,7.325214319
AMB_189_B,PRJNA648767,HiSeq 4000,17.6235,Within < 1 week,13,F,NA,NA,1,1.132033705,9.875349,0.997910045,12.2438299,12.61206359
AMB_190,PRJNA648767,HiSeq 4000,7.833,Within < 1 week,11,M,50.42892814,3.335897401,0,NA,8.632708,0.994841736,8.742284217,8.380830851
AMB_191,PRJNA648767,HiSeq 4000,7.7591,Within < 1 week,9,M,44.6526047,-2.099477894,0,NA,12.914687,0.998112517,7.766893969,7.701162699
AMB_191_B,PRJNA648767,HiSeq 4000,9.9877,Within < 1 week,NA,M,47.73496209,0.892356114,0,NA,13.555128,0.997895776,9.448411718,9.698779021
AMB_192,PRJNA648767,HiSeq 4000,6.8145,Within < 1 week,16,M,37.26470422,-5.130818763,1,NA,14.166382,0.997744141,6.505992896,6.682358122
AMB_193,PRJNA648767,HiSeq 4000,6.5927,Within < 1 week,13,M,38.32484614,-3.047832414,0,NA,40.428749,0.994879195,6.218776773,6.422109957
AMB_194,PRJNA648767,HiSeq 4000,8.2601,Within < 1 week,NA,F,NA,NA,2,NA,18.638113,0.998074847,7.152572233,7.460539236
AMB_195,PRJNA648767,HiSeq 4000,10.4203,Within < 1 week,NA,F,NA,NA,1,NA,18.636558,0.997868361,8.581779474,7.788006203
AMB_196,PRJNA648767,HiSeq 4000,4.7529,Within < 1 week,15,F,36.86223708,4.112525988,2,NA,16.571316,0.999360131,7.821106487,7.744749459
AMB_32,SRP058411,HiSeq 2000,14.2861,Within < 1 week,15,M,45.3704535,-0.96787918,2,NA,28.605071,0.99663588,12.3205563,13.04317857
AMB_197,PRJNA648767,HiSeq 4000,8.1342,Within < 1 week,11,F,32.16506636,-3.329767185,1,1.202735875,10.599734,0.99792497,9.306717193,8.554698495
AMB_198,PRJNA648767,HiSeq 4000,8.2437,Within < 1 week,2,M,NA,NA,1,NA,16.458551,0.999275722,12.71087159,13.4113251
AMB_198_B,PRJNA648767,HiSeq 4000,11.2471,Within < 1 week,7,M,41.54704571,-5.147811404,1,NA,11.109062,0.997941832,10.89907617,10.83673966
AMB_199,PRJNA648767,HiSeq 4000,13.2293,Within < 1 week,13,M,45.58305684,-0.879256407,1,NA,11.245602,0.997967316,11.95078878,12.28886393
AMB_200,PRJNA648767,HiSeq 4000,4.5038,Within < 1 week,6,F,29.97355081,-1.921945136,1,1.493322133,24.718664,0.998192396,6.899673102,6.712518426
AMB_201,PRJNA648767,HiSeq 4000,5.7988,Within < 1 week,9,M,34.5245966,-3.186046341,0,NA,12.322297,0.998061388,6.42687505,6.877991781
AMB_34,SRP058411,HiSeq 2000,6.1273,Within < 1 week,NA,F,NA,NA,2,NA,40.199259,0.996322288,5.464555485,5.457743883
AMB_202,PRJNA648767,HiSeq 4000,8.4463,Within < 1 week,7,F,35.55624701,0.038062717,1,1.346030284,11.028575,0.998113378,8.627913813,8.527823997
AMB_203,PRJNA648767,HiSeq 4000,5.5168,Within < 1 week,8,F,34.43877551,-0.860239421,0,0.159065957,17.888269,0.998055008,7.688261838,7.820231853
AMB_204,PRJNA648767,HiSeq 4000,8.2108,Within < 1 week,2,F,34.71391658,-0.786652235,0,1.126124511,10.986067,0.999318916,8.846568673,8.942631927
AMB_35,SRP058411,HiSeq 2000,3.9617,Within < 1 week,NA,F,29.36664778,-0.670226195,1,NA,19.652847,0.999434933,4.997852885,5.407539241
AMB_205,PRJNA648767,HiSeq 4000,4.4983,Within < 1 week,17,M,31.41482075,-0.297660401,0,NA,13.587532,0.998014761,5.64580468,5.124985315
AMB_206,PRJNA648767,HiSeq 4000,9.692,Within < 1 week,5,M,50.67363467,3.796339827,0,NA,8.099797,0.998081291,8.74183448,9.40705195
AMB_64,SRP058411,HiSeq 2000,6.4832,Within < 1 week,17,M,40.37877283,-0.488797362,0,NA,23.506928,0.996677846,6.603851091,6.195519194
AMB_207,PRJNA648767,HiSeq 4000,5.2786,Within < 1 week,9,F,37.73167191,3.179660722,1,NA,6.115519,0.99816586,7.295430146,7.251140007
AMB_208,PRJNA648767,HiSeq 4000,6.7926,Within < 1 week,4,F,40.35500878,4.960542516,1,1.39963981,7.231975,0.998061588,7.923635122,7.456256969
AMB_36,SRP058411,HiSeq 2000,6.7598,Within < 1 week,NA,M,40.85747575,-1.285493056,1,NA,54.153836,0.99668466,8.695920214,8.479844439
AMB_37,SRP058411,HiSeq 2000,6.1054,Within < 1 week,11,M,36.2856317,-2.83931465,1,NA,56.944511,0.996773828,7.742797695,8.013835585
AMB_209,PRJNA648767,HiSeq 4000,10.5079,Within < 1 week,NA,F,NA,NA,2,NA,7.980438,0.998031781,7.256490799,8.400942221
AMB_210,PRJNA648767,HiSeq 4000,10.0287,Within < 1 week,6,M,47.97471623,1.136928146,1,NA,9.177628,0.99817885,9.346751171,9.669497146
AMB_211,PRJNA648767,HiSeq 4000,4.4381,Within < 1 week,2,F,30.62420579,-1.046002641,1,0.695161706,19.31103,0.997834001,7.727583239,8.061416908
AMB_212,PRJNA648767,HiSeq 4000,15.0554,Within < 1 week,3,F,38.13756272,2.12491595,1,0.907103075,19.476102,0.999296442,11.40233951,12.02422511
AMB_213,PRJNA648767,HiSeq 4000,5.7194,Within < 1 week,6,F,33.11050856,-2.203663879,1,1.17411329,12.774995,0.99938612,8.270268573,8.062637032
AMB_214,PRJNA648767,HiSeq 4000,17.0595,Within < 1 week,NA,F,40.98747,4.824886807,0,NA,27.782952,0.998081057,9.563898083,9.705832397
AMB_215,PRJNA648767,HiSeq 4000,4.6872,Within < 1 week,2,F,34.85128775,2.326864168,1,1.518707499,11.669795,0.999362346,6.837078497,6.804410784
AMB_216,PRJNA648767,HiSeq 4000,7.0062,Within < 1 week,12,M,NA,NA,2,NA,15.648324,0.997972281,6.958937224,6.419180315
AMB_217,PRJNA648767,HiSeq 4000,7.6085,Within < 1 week,4,M,47.89525676,1.837698158,3,NA,18.247382,0.998087884,8.144052422,7.637046966
AMB_218,PRJNA648767,HiSeq 4000,5.8891,Within < 1 week,NA,F,NA,NA,1,NA,12.916443,0.998134254,5.623282098,6.434450127
AMB_219,PRJNA648767,HiSeq 4000,5.7906,Within < 1 week,3,F,33.31141793,-2.008080122,2,1.085759237,14.857611,0.997909461,8.634101547,8.650902313
AMB_220,PRJNA648767,HiSeq 4000,6.0589,Within < 1 week,7,F,29.72449048,-5.615081028,2,0.712391224,21.792163,0.998211944,8.140910795,7.97434947
AMB_221,PRJNA648767,HiSeq 4000,13.5031,Within < 1 week,NA,F,NA,NA,1,NA,25.950988,0.998015117,11.20116816,11.23555403
AMB_222,PRJNA648767,HiSeq 4000,7.1786,Within < 1 week,15,M,40.05,-4.025008283,3,NA,16.016024,0.999284886,8.924614753,8.808661575
AMB_65,SRP058411,HiSeq 2000,9.2293,Within < 1 week,18,F,34.9750586,-0.601707415,1,-0.373031494,27.148884,0.999525632,8.569296209,8.803012483
AMB_223,PRJNA648767,HiSeq 4000,12.1752,Within < 1 week,NA,F,36.81581528,1.01865091,1,NA,20.27065,0.997984269,11.19413047,11.01257104
AMB_224,PRJNA648767,HiSeq 4000,7.8631,Within < 1 week,NA,M,50.40579111,3.313939222,1,NA,26.473281,0.998038795,8.040938588,8.101130602
AMB_225,PRJNA648767,HiSeq 4000,12.3723,Within < 1 week,2,F,37.56389414,1.751981931,NA,0.922111339,11.471754,0.998247001,10.52849776,10.9714958
AMB_226,PRJNA648767,HiSeq 4000,8.6571,Within < 1 week,4,M,47.21413222,0.215426358,2,NA,12.637189,0.998068616,6.972772022,7.151445603
AMB_227,PRJNA648767,HiSeq 4000,4.7502,Within < 1 week,16,M,32.02787323,-0.846357151,0,NA,41.223329,0.998027823,4.845825373,5.112107171
AMB_228,PRJNA648767,HiSeq 4000,6.9487,Within < 1 week,NA,F,37.37985048,1.973708842,3,NA,7.584536,0.998029298,8.007007249,8.378860003
AMB_229,PRJNA648767,HiSeq 4000,5.0541,Within < 1 week,25,F,34.35877011,0.576491246,1,-0.3188645,24.397518,0.996652066,8.258091894,8.218241205
AMB_229_B,PRJNA648767,HiSeq 4000,8.1013,Within < 1 week,NA,F,37.26497781,1.772602243,1,0.566076209,7.981049,0.997956998,7.893534693,7.505812264
AMB_230,PRJNA648767,HiSeq 4000,8.345,Within < 1 week,1,M,48.92772137,1.892399486,0,NA,8.314878,0.998015175,8.814878289,8.932509054
AMB_230_C,PRJNA648767,HiSeq 4000,10.5517,Within < 1 week,1,M,46.59771203,-0.178728148,0,NA,10.154637,0.997869733,10.02208488,10.2893616
AMB_231,PRJNA648767,HiSeq 4000,5.6345,Within < 1 week,7,M,36.29390652,-0.659073873,2,NA,10.138205,0.996552306,5.856792747,6.284459917
AMB_232,PRJNA648767,HiSeq 4000,8.1068,Within < 1 week,1,M,44.30038383,-2.762881861,0,NA,10.695149,0.997892703,8.820956363,8.714763161
AMB_233,PRJNA648767,HiSeq 4000,4.3422,Within < 1 week,19,M,30.63715175,-0.355549981,1,NA,9.128135,0.998040201,6.309005521,6.329626567
AMB_234,PRJNA648767,HiSeq 4000,5.18,Within < 1 week,NA,F,34.25252118,0.038441261,0,NA,12.392248,0.998072657,6.83805295,6.595869731
AMB_235,PRJNA648767,HiSeq 4000,6.2149,Within < 1 week,15,M,40.38312342,0.753068717,2,NA,16.681993,0.999264078,7.296457204,7.278550123
AMB_236,PRJNA648767,HiSeq 4000,5.6071,Within < 1 week,4,M,44.19882824,7.372124935,1,NA,13.578103,0.997943473,7.652320103,7.720903741
AMB_237,PRJNA648767,HiSeq 4000,9.5606,Within < 1 week,6,M,47.916322,1.023609884,0,NA,10.500001,0.998301942,9.272306183,9.315579693
AMB_238,PRJNA648767,HiSeq 4000,14.7433,Within < 1 week,NA,M,43.65554507,-2.629148352,0,NA,23.195963,0.994878338,16.87890765,16.84721136
AMB_239,PRJNA648767,HiSeq 4000,10.8063,Within < 1 week,6,M,47.64003021,0.893460999,0,NA,16.817198,0.997862463,12.32506308,12.70967697
AMB_239_B,PRJNA648767,HiSeq 4000,13.5277,Within < 1 week,10,M,51.6889465,5.261643308,0,NA,16.579289,0.998033503,16.21563805,16.2434929
AMB_240,PRJNA648767,HiSeq 4000,14.7871,Within < 1 week,16,F,33.43700727,-2.55556604,0,1.210917527,15.891007,0.998205979,13.89398481,13.59639764
AMB_241,PRJNA648767,HiSeq 4000,13.4292,Within 3 months,14,F,35.60917879,-0.281798257,1,1.545957962,10.814135,0.99823939,9.853138175,9.520329861
AMB_242,PRJNA648767,HiSeq 4000,8.8871,Within < 1 week,6,M,NA,NA,1,NA,13.468725,0.998271883,9.85380681,9.512101383
AMB_243,PRJNA648767,HiSeq 4000,18.0589,Within < 1 week,20,F,34.30198917,-1.935357406,0,0.313894439,8.05707,0.998163393,11.71892646,12.03362419
AMB_244,PRJNA648767,HiSeq 4000,19.7563,Within < 1 week,12,F,33.28,-3.084341907,NA,0.899395463,8.091342,0.998248732,10.56234337,10.50389639
AMB_244_B,PRJNA648767,HiSeq 4000,25.3196,Within < 1 week,13,F,39.61478041,2.834221542,NA,0.837451118,12.988741,0.997025717,11.8766135,11.97342067
AMB_245,PRJNA648767,HiSeq 4000,13.5907,Within 3 months,9,M,46.65085484,0.230939088,1,NA,21.672913,0.997902559,14.38713844,14.60983135
AMB_46,SRP058411,HiSeq 2000,4.0082,Within < 1 week,NA,F,31.5561644,1.359711775,1,NA,53.481823,0.996442043,4.735254927,4.49016483
AMB_46_B,PRJNA648767,HiSeq 4000,9.0842,Within < 1 week,NA,F,NA,NA,1,NA,7.526784,0.998242985,8.641867644,9.28690502
AMB_246,PRJNA648767,HiSeq 4000,5.3799,Within < 1 week,22,F,NA,NA,1,0.703496154,38.825177,0.994828484,7.408508316,7.050337275
AMB_247,PRJNA648767,HiSeq 4000,4.7995,Within < 1 week,13,F,NA,NA,0,NA,8.893876,0.998240717,10.53241879,10.53234726
AMB_248,PRJNA648767,HiSeq 4000,6.4422,Within < 1 week,NA,F,NA,NA,1,NA,26.739787,0.998029533,7.867735883,7.501088506
AMB_249,PRJNA648767,HiSeq 4000,4.3203,Within < 1 week,7,F,30.73081103,-0.535757276,0,NA,20.08549,0.998068303,5.337073426,5.788331368
AMB_250,PRJNA648767,HiSeq 4000,9.3279,Within < 1 week,2,M,47.4363299,0.51631637,1,NA,9.772969,0.998303615,10.26481715,10.7925425
AMB_251,PRJNA648767,HiSeq 4000,10.0151,Within < 1 week,26,F,34.77182494,-0.863727621,1,1.053197345,10.443649,0.998190695,11.02230762,11.18897651
AMB_252,PRJNA648767,HiSeq 4000,5.9083,Within < 1 week,NA,M,36.13216453,-2.083586769,2,NA,13.385936,0.998017468,8.242292606,8.46901514
AMB_253,PRJNA648767,HiSeq 4000,9.9274,Within < 1 week,NA,M,48.94969137,2.100019142,0,NA,8.238738,0.998321735,9.783425597,9.81834605
AMB_254,PRJNA648767,HiSeq 4000,6.6913,Within < 1 week,NA,F,NA,NA,2,NA,17.154762,0.9978246,8.474622721,8.074589677
AMB_255,PRJNA648767,HiSeq 4000,4.0411,Within < 1 week,NA,F,29.13583125,-1.17326514,1,NA,12.586407,0.998031496,4.499455226,4.446603218
AMB_47,SRP058411,HiSeq 2000,3.6331,Within < 1 week,19,M,30.52077625,2.798651154,1,NA,40.487237,0.998514909,3.50211429,3.735919892
AMB_256,PRJNA648767,HiSeq 4000,6.7105,Within < 1 week,NA,M,48.93187744,7.016207402,1,NA,12.830998,0.998064287,6.207294922,5.60215941
AMB_257,PRJNA648767,HiSeq 4000,6.5325,Within < 1 week,NA,M,38.32156047,-2.773308482,2,NA,45.626144,0.995047196,5.538708625,5.715506006
AMB_258,PRJNA648767,HiSeq 4000,16.1643,Within < 1 week,5,F,33.62110974,-2.474493657,0,1.766020621,13.235078,0.998144126,11.22726233,11.60870782
AMB_259,PRJNA648767,HiSeq 4000,6.8255,Within < 1 week,NA,F,NA,NA,0,NA,5.270729,0.998435489,10.20350183,10.40900824
AMB_260,PRJNA648767,HiSeq 4000,8.3532,Within < 1 week,4,M,47.86795937,0.83360106,1,NA,9.275125,0.998288649,10.08781766,9.974936732
AMB_261,PRJNA648767,HiSeq 4000,4.9418,Within < 1 week,5,F,35.18985631,1.792443619,0,1.301667853,8.595355,0.99818565,7.562506769,7.710200974
AMB_262,PRJNA648767,HiSeq 4000,7.3429,Within < 1 week,NA,F,NA,NA,1,NA,16.071264,0.998027423,8.217331114,8.193666483
AMB_68,SRP058411,HiSeq 2000,2.9158,Within < 1 week,NA,F,27.45803932,1.006991577,0,NA,19.078343,0.999537466,1.970508213,1.670469078
AMB_263,PRJNA648767,HiSeq 4000,7.6934,Within < 1 week,NA,M,54.16210757,7.713089987,1,NA,19.700588,0.998031772,8.826982802,8.836977355
AMB_264,PRJNA648767,HiSeq 4000,7.0089,Within < 1 week,10,M,45.44106231,2.148971987,1,NA,19.37896,0.99809641,6.158591294,6.269980701
AMB_265,PRJNA648767,HiSeq 4000,6.5626,Within < 1 week,6,F,32.19786552,-3.179394927,0,1.277461804,13.999697,0.998096397,8.858996426,8.938543715
AMB_265_B,PRJNA648767,HiSeq 4000,13.7495,Within < 1 week,6,F,NA,NA,0,1.128488615,13.667745,0.997878657,11.92364751,12.22652399
AMB_266,PRJNA648767,HiSeq 4000,9.9357,Within < 1 week,NA,F,NA,NA,NA,NA,19.633962,0.997864955,8.316552396,7.995010139
AMB_267,PRJNA648767,HiSeq 4000,6.9514,Within < 1 week,2,F,33.53824754,-1.868098933,0,1.421760107,12.14458,0.998097566,7.581553629,7.801531768
AMB_268,PRJNA648767,HiSeq 4000,7.1622,Within < 1 week,3,F,NA,NA,2,1.235731688,10.540435,0.998318549,7.83963616,7.687670758
AMB_268_B,PRJNA648767,HiSeq 4000,18.2341,Within < 1 week,6,F,35.0888608,-1.161594973,2,1.134034835,11.937263,0.997727339,10.97569505,11.55018694
AMB_269,PRJNA648767,HiSeq 4000,8.1232,Within < 1 week,30,F,NA,NA,1,0.809144104,12.349071,0.99829989,8.719236678,8.519552738
AMB_48,SRP058411,HiSeq 2000,10.6092,Within < 1 week,NA,M,45.13643905,-1.63325608,2,NA,19.762736,0.998505935,9.947307735,9.732205991
AMB_49,SRP058411,HiSeq 2000,11.8467,Within < 1 week,NA,M,46.18889044,-0.435625363,0,NA,38.845618,0.998080332,11.24945999,11.14844897
AMB_270,PRJNA648767,HiSeq 4000,7.039,Within < 1 week,19,M,50.34963777,6.918642652,1,NA,15.0949,0.999293833,7.11892653,7.305074179
AMB_271,PRJNA648767,HiSeq 4000,5.4702,Within < 1 week,NA,F,NA,NA,0,NA,15.050662,0.998018612,6.21327385,5.925750577
AMB_272,PRJNA648767,HiSeq 4000,7.2745,Within < 1 week,8,M,46.81610792,2.299129816,1,NA,16.383501,0.997956631,7.478153842,7.5481689
AMB_69,SRP058411,HiSeq 2000,7.5729,Within < 1 week,11,M,49.97634155,4.082943171,0,NA,23.7215,0.99813423,9.398899165,9.10848381
AMB_69_B,PRJNA648767,HiSeq 4000,10.7269,Within < 1 week,5,M,48.08544725,1.329563428,0,NA,8.759865,0.998300717,10.92901161,10.51204247
AMB_273,PRJNA648767,HiSeq 4000,8.7091,Within < 1 week,10,F,31.84040129,-3.697446795,1,1.084671394,13.74009,0.998190181,8.411824406,8.258766255
AMB_274,PRJNA648767,HiSeq 4000,11.989,Within < 1 week,NA,M,NA,NA,1,NA,11.313576,0.996742313,14.29304973,14.72344828
AMB_275,PRJNA648767,HiSeq 4000,6.245,Within < 1 week,9,M,35.20745238,-4.561507122,1,NA,13.358564,0.997830162,6.786592197,6.44713849
AMB_276,PRJNA648767,HiSeq 4000,6.3436,Within < 1 week,11,F,38.12262414,2.761750196,2,1.537543194,23.705414,0.996595377,9.751310427,9.799876917
AMB_277,PRJNA648767,HiSeq 4000,7.4579,Within < 1 week,17,F,39.25696128,3.812721046,1,0.527287362,14.552851,0.998232392,7.680296507,8.25992062
AMB_278,PRJNA648767,HiSeq 4000,6.7461,Within < 1 week,9,M,37.80179973,-4.278030523,0,NA,13.812922,0.997985384,8.237874551,8.699076987
AMB_278_B,PRJNA648767,HiSeq 4000,10.5654,Within < 1 week,3,M,NA,NA,0,NA,10.623988,0.999288498,11.15813489,10.86695722
AMB_279,PRJNA648767,HiSeq 4000,10.9541,Within < 1 week,18,F,37.26133636,1.555526706,1,0.050323246,19.774714,0.999303169,11.8248761,11.55757932
AMB_280,PRJNA648767,HiSeq 4000,6.6283,Within < 1 week,NA,M,38.38183892,-3.154999848,2,NA,19.578879,0.99808193,7.55749261,7.281712662
AMB_281,PRJNA648767,HiSeq 4000,18.9541,Within 3 months,14,M,43.5821281,NA,NA,NA,20.494718,0.998080724,NA,15.02395419
AMB_282_B,PRJNA648767,HiSeq 4000,11.2854,Within < 1 week,7,M,53.93766682,NA,NA,NA,13.460384,0.997918002,NA,11.01774288
AMB_282,PRJNA648767,HiSeq 4000,13.7604,Within < 1 week,NA,M,48.46588841,NA,NA,NA,9.80632,0.99791479,NA,12.67007042
AMB_77_B,PRJNA648767,HiSeq 4000,8.5448,Within < 1 week,1,M,48.92772137,NA,0,NA,11.554587,0.997916844,NA,9.506637983
AMB_152_B,PRJNA648767,HiSeq 4000,14.193,Within < 1 week,6,M,43.85457458,NA,3,NA,11.906282,0.998012382,NA,10.1437496
AMB_283,PRJNA648767,HiSeq 4000,9.8453,Within < 1 week,3,M,51.64799666,NA,NA,NA,10.739155,0.998153871,NA,9.706309629
AMB_283_B,PRJNA648767,HiSeq 4000,14.0726,Within 3 months,8,M,45.6412216,NA,NA,NA,10.261578,0.998017713,NA,10.32933133
AMB_230_B,PRJNA648767,HiSeq 4000,9.7276,Within 3 months,1,M,57.63227407,NA,0,NA,8.270177,0.998168806,NA,10.8050398
AMB_69_C,PRJNA648767,HiSeq 4000,14.5298,Within < 1 week,5,M,NA,NA,0,NA,6.36946,0.99796623,NA,11.31330553
